열차번호,품목,구분,시발역,출발시각,종착역,도착시각,운행선,운행요일
3001,컨테이너,정기,오봉,04:26:00,부산항,10:03:00,경부선,"일,화,수,목,금,토"
3002,컨테이너,정기,부산항,05:11:00,오봉,11:11:00,경부선,"일,화,수,목,금,토"
3003,컨테이너,정기,오봉,15:57:00,부산항,22:45:00,경부선,"화,목,토"
3004,컨테이너,정기,부산항,04:36:00,오봉,11:34:00,경부선,"월,수,금"
3005,컨테이너,정기,오봉,17:53:00,부산항,23:22:00,경부선,매일
3006,컨테이너,정기,부산항,16:24:00,오봉,21:34:00,경부선,매일
3007,컨테이너,정기,오봉,18:35:00,부산항,23:42:00,경부선,"월,화,수,목,금,토"
3008,컨테이너,정기,부산항,18:52:00,의왕,00:40:00,경부선,"월,화,수,목,금,토"
3009,컨테이너,정기,오봉,20:42:00,부산항,07:19:00,경부선,"월,화,수,목,금,토"
3010,컨테이너,정기,부산항,20:19:00,오봉,06:39:00,경부선,"월,화,수,목,금,토"
3021,컨테이너,정기,오봉,08:01:00,부산진,13:18:00,경부선,"화,수,목,금,토"
3022,컨테이너,정기,부산진,06:56:00,오봉,13:46:00,경부선,"화,수,목,금,토"
3023,컨테이너,정기,오봉,12:20:00,부산진,17:14:00,경부선,"화,수,목,금,토"
3025,컨테이너,정기,오봉,21:05:00,부산진,09:18:00,경부선,"월,화,수,목,금"
3026,컨테이너,정기,부산진,16:06:00,오봉,21:28:00,경부선,"화,수,목,금,토"
3027,컨테이너,정기,오봉,21:35:00,부산진,09:44:00,경부선,"월,화,수,목,금"
3028,컨테이너,정기,부산진,20:08:00,오봉,07:01:00,경부선,"월,화,수,목,금"
3031,컨테이너,정기,영일만항,08:04:00,안인,13:41:00,동해선,"월,화,수,목,금"
3032,컨테이너,정기,안인,09:40:00,영일만항,15:26:00,동해선,"월,화,수,목,금"
3033,컨테이너,정기,포항,18:46:00,동해,22:02:00,동해선,"월,화,수,목,금"
3034,컨테이너,정기,안인,15:53:00,포항,21:35:00,동해선,"월,화,수,목,금"
3041,컨테이너,정기,삽교,11:46:00,부산항,19:06:00,경부선,매일
3042,컨테이너,정기,부산항,04:43:00,삽교,11:13:00,경부선,매일
3043,컨테이너,정기,삽교,20:30:00,부산항,07:11:00,경부선,매일
3044,컨테이너,정기,부산항,11:48:00,삽교,19:09:00,경부선,매일
3045,컨테이너,정기,삽교,16:47:00,부산항,23:37:00,경부선,매일
3046,컨테이너,정기,부산항,08:22:00,삽교,15:02:00,경부선,매일
3047,컨테이너,정기,삽교,14:07:00,부산진,21:39:00,경부선,"월,화,수,목,금,토"
3048,컨테이너,정기,부산진,05:22:00,삽교,12:50:00,경부선,"월,화,수,목,금,토"
3049,컨테이너,정기,천안,14:30:00,부산항,20:05:00,경부선,"월,화,수,목,금"
3050,컨테이너,정기,부산항,04:52:00,천안,10:07:00,경부선,"월,화,수,목,금"
3051,컨테이너,정기,안중,17:25:00,부산진,23:08:00,경부선,"월,화,수,목,금"
3052,컨테이너,정기,부산진,16:43:00,안중,22:34:00,경부선,"월,화,수,목,금"
3053,컨테이너,정기,안중,14:48:00,부산항,20:00:00,경부선,"월,화,수,목,금"
3054,컨테이너,정기,부산항,07:54:00,안중,13:46:00,경부선,"월,화,수,목,금"
3055,컨테이너,정기,부강화물,17:09:00,부산진,22:10:00,경부선,"월,화,수,목,금"
3056,컨테이너,정기,부산진,05:58:00,부강화물,10:55:00,경부선,"월,화,수,목,금"
3057,컨테이너,정기,신탄진,16:18:00,부산진,21:44:00,경부선,"월,수,금"
3058,컨테이너,정기,부산진,05:28:00,신탄진,10:41:00,경부선,"화,목,토"
3059,컨테이너,정기,신탄진,16:43:00,부산항,21:43:00,경부선,"화,목,토"
3060,컨테이너,정기,부산항,05:13:00,신탄진,09:54:00,경부선,"월,수,금"
3061,컨테이너,정기,약목,17:38:00,부산항,19:49:00,경부선,"월,화,수,목,금,토"
3062,컨테이너,정기,부산항,12:13:00,약목,14:33:00,경부선,"월,화,수,목,금,토"
3063,컨테이너,정기,약목,14:08:00,부산진,16:34:00,경부선,"화,수,목,금,토"
3064,컨테이너,정기,부산진,07:15:00,약목,09:38:00,경부선,"화,수,목,금,토"
3069,컨테이너,정기,군산항,11:45:00,태금,16:38:00,전라선,"월,화,수,목,금"
3070,컨테이너,정기,순천,05:52:00,군산항,08:41:00,전라선,"월,화,수,목,금"
3072,컨테이너,정기,신광양항,13:46:00,오봉,20:08:00,전라선,"월,화,수,목,금"
3073,컨테이너,정기,군산항,09:23:00,신광양항,14:43:00,전라선,"월,화,수,목,금"
3074,컨테이너,정기,신광양항,12:20:00,군산항,16:25:00,전라선,"월,화,수,목,금"
3075,컨테이너,정기,동산,11:04:00,신광양항,13:41:00,전라선,"월,화,수,목,금"
3076,컨테이너,정기,신광양항,14:20:00,북전주,17:18:00,전라선,"월,화,수,목,금"
3077,컨테이너,정기,북전주,12:29:00,적량,16:00:00,전라선,"월,화,수,목,금"
3078,컨테이너,정기,적량,14:12:00,북전주,17:26:00,전라선,"월,화,수,목,금"
3079,컨테이너,정기,군산항,11:12:00,신광양항,15:51:00,전라선,"월,화,수,목,금"
3080,컨테이너,정기,신광양항,17:05:00,익산,19:59:00,전라선,"월,화,수,목,금"
3081,컨테이너,정기,군산항,15:05:00,부산항,22:17:00,전라선,"월,화,수,목,금"
3082,컨테이너,정기,부산항,05:38:00,군산항,13:06:00,전라선,"월,화,수,목,금"
3085,컨테이너,정기,철암,16:50:00,부산진,00:33:00,영동선,"월,화,수,목,금"
3086,컨테이너,정기,부산진,19:36:00,철암,10:24:00,영동선,"일,월,화,수,목"
3087,컨테이너,정기,영주,17:49:00,부산진,22:04:00,영동선,"월,화,수,목,금"
3088,컨테이너,정기,부산진,05:42:00,영주,10:16:00,영동선,"월,화,수,목,금"
3089,컨테이너,정기,군산항,18:00:00,순천,20:51:00,전라선,"월,화,수,목,금"
3090,컨테이너,정기,신광양항,10:39:00,군산항,14:06:00,전라선,"월,화,수,목,금"
3092,컨테이너,정기,가야,07:39:00,울산신항,08:58:00,동해선,"월,화,수,목,금"
3093,컨테이너,정기,부산항,06:10:00,흥국사,10:09:00,경전선,"월,화,수,목,금"
3094,컨테이너,정기,흥국사,15:15:00,부산항,19:15:00,경전선,"월,화,수,목,금"
3095,컨테이너,정기,울산신항,12:05:00,부산항,14:42:00,동해선,"월,화,수,목,금"
3097,컨테이너,정기,부산항,10:30:00,흥국사,14:59:00,경전선,"월,화,수,목,금"
3098,컨테이너,정기,흥국사,17:44:00,부산항,21:51:00,경전선,"월,화,수,목,금"
3099,컨테이너,정기,부산진,06:40:00,순천,09:52:00,경전선,"월,화,수,목,금"
3101,시멘트공,정기,수색,10:07:00,도담,15:53:00,경부선,매일
3102,시멘트,정기,도담,05:04:00,수색,09:47:00,경부선,매일
3103,시멘트공,정기,수색,12:04:00,도담,18:24:00,경부선,매일
3104,시멘트,정기,도담,07:46:00,수색,12:19:00,경부선,매일
3105,시멘트공,정기,수색,15:10:00,동해,23:23:00,태백선,"월,화,수,목,금"
3106,시멘트,정기,동해,06:52:00,수색,16:34:00,태백선,"월,화,수,목,금"
3121,시멘트공,정기,오봉,05:40:00,제천조차장,08:58:00,충북선,매일
3122,시멘트,정기,도담,06:16:00,오봉,10:18:00,충북선,매일
3123,시멘트공,정기,오봉,05:26:00,도담,09:18:00,충북선,"월,화,수,목,금"
3125,시멘트공,정기,오봉,08:35:00,제천조차장,12:09:00,충북선,매일
3126,시멘트,정기,입석리,08:00:00,오봉,12:01:00,충북선,매일
3128,시멘트,정기,제천조차장,09:57:00,오봉,13:45:00,충북선,매일
3129,시멘트공,정기,오봉,10:06:00,입석리,14:53:00,충북선,매일
3130,시멘트,정기,도담,10:26:00,오봉,14:40:00,충북선,매일
3132,시멘트,정기,도담,10:54:00,오봉,15:33:00,충북선,매일
3133,시멘트공,정기,오봉,09:56:00,입석리,16:14:00,충북선,"월,화,수,목,금"
3135,시멘트공,정기,오봉,12:04:00,도담,17:00:00,충북선,매일
3138,시멘트,정기,입석리,15:41:00,오봉,19:55:00,충북선,매일
3139,시멘트공,정기,오봉,18:02:00,도담,22:46:00,충북선,매일
3140,시멘트,정기,제천,20:27:00,의왕,23:54:00,충북선,"월,화,수,목,금"
3141,시멘트공,정기,오봉,15:41:00,입석리,20:17:00,충북선,매일
3171,시멘트,정기,입석리,05:50:00,동산,10:30:00,충북선,매일
3172,시멘트공,정기,동산,14:05:00,입석리,20:19:00,충북선,매일
3185,시멘트공,정기,대전조차장,11:27:00,입석리,15:38:00,충북선,"월,화,수,목,금"
3186,시멘트,정기,제천조차장,06:04:00,흑석리,08:42:00,충북선,"월,화,수,목,금"
3188,시멘트,정기,제천조차장,06:45:00,대전조차장,09:37:00,충북선,매일
3191,시멘트공,정기,대전조차장,05:55:00,동해,13:30:00,충북선,"월,화,수,목,금"
3192,시멘트,정기,동해,17:11:00,대전조차장,10:50:00,충북선,"일,월,화,수,목"
3193,시멘트공,정기,대전조차장,15:33:00,입석리,19:30:00,충북선,매일
3195,시멘트공,정기,대전조차장,13:40:00,도담,17:08:00,충북선,"월,화,수,목,금"
3196,시멘트,정기,제천조차장,09:24:00,대전조차장,12:50:00,충북선,"월,화,수,목,금,토"
3197,시멘트공,정기,대전조차장,15:02:00,도담,19:14:00,충북선,"월,화,수,목,금,토"
3198,시멘트,정기,입석리,16:40:00,대전조차장,20:29:00,충북선,"월,화,수,목,금"
3215,시멘트공,정기,청주,16:15:00,쌍룡,19:08:00,충북선,"월,화,수,목,금"
3216,시멘트,정기,쌍룡,11:08:00,청주,13:45:00,충북선,"월,화,수,목,금"
3221,시멘트공,정기,수색,14:22:00,도담,19:55:00,경부선,매일
3222,시멘트,정기,도담,05:52:00,수색,10:18:00,경부선,매일
3223,시멘트공,정기,수색,15:08:00,동해,23:06:00,중앙선,매일
3224,시멘트,정기,도담,06:47:00,수색,10:40:00,중앙선,매일
3225,시멘트공,정기,수색,17:03:00,도담,22:08:00,경부선,매일
3226,시멘트,정기,도담,12:08:00,수색,16:04:00,중앙선,매일
3227,시멘트공,정기,수색,19:57:00,도담,23:27:00,중앙선,매일
3228,시멘트,정기,동해,13:08:00,수색,22:36:00,태백선,매일
3236,시멘트,정기,입석리,06:06:00,오봉,10:03:00,충북선,"월,화,수,목,금"
3243,시멘트공,정기,덕소,10:32:00,입석리,13:15:00,중앙선,"월,화,수,목,금,토"
3252,시멘트,정기,제천조차장,04:45:00,덕소,06:27:00,태백선,"월,화,수,목,금,토"
3254,시멘트,정기,입석리,08:18:00,덕소,10:57:00,태백선,"월,화,수,목,금,토"
3255,시멘트공,정기,덕소,15:41:00,입석리,18:28:00,중앙선,"월,화,수,목,금,토"
3261,시멘트공,정기,팔당,11:17:00,쌍룡,14:12:00,중앙선,매일
3262,시멘트,정기,제천조차장,04:57:00,팔당,06:31:00,중앙선,매일
3263,시멘트공,정기,팔당,16:43:00,쌍룡,19:26:00,중앙선,매일
3264,시멘트,정기,쌍룡,08:32:00,팔당,11:15:00,중앙선,매일
3267,시멘트공,정기,오봉,18:19:00,입석리,22:42:00,충북선,매일
3268,시멘트,정기,입석리,11:50:00,의왕,15:59:00,충북선,매일
3271,시멘트,정기,제천,06:37:00,가천,10:35:00,중앙선,매일
3272,시멘트공,정기,가천,14:32:00,제천조차장,18:32:00,중앙선,"일,월,화,수,목,금,토"
3273,시멘트,정기,입석리,07:26:00,신동,11:58:00,중앙선,"월,화,수,목,금,토"
3274,시멘트공,정기,신동,16:33:00,제천,21:04:00,중앙선,"월,화,수,목,금,토"
3331,시멘트공,정기,수색,15:28:00,제천조차장,18:44:00,중앙선,매일
3334,시멘트,정기,제천조차장,09:38:00,수색,13:08:00,중앙선,매일
3341,기타,정기,국수,10:27:00,제천조차장,11:52:00,중앙선,"월,화,수,목,금"
3342,기타,정기,제천조차장,15:09:00,국수,16:31:00,중앙선,"월,화,수,목,금"
3345,광석,정기,입석리,09:48:00,괴동,15:24:00,중앙선,매일
3347,광석,정기,고명,11:42:00,괴동,16:37:00,중앙선,매일
3348,석탄,정기,괴동,15:36:00,제천조차장,20:48:00,중앙선,매일
3350,석탄,정기,괴동,21:00:00,입석리,09:04:00,중앙선,매일
3351,광석,정기,제천,17:10:00,괴동,21:26:00,중앙선,매일
3352,석탄,정기,괴동,08:55:00,도담,13:32:00,중앙선,매일
3353,광석,정기,고명,16:52:00,괴동,22:40:00,중앙선,"화,목,토"
3354,기타,정기,괴동,12:45:00,제천,17:53:00,중앙선,"화,목,토"
3381,광석,정기,제천,09:36:00,동해,14:13:00,태백선,"월,화,수,목,금"
3382,석탄,정기,동해,04:55:00,제천,09:05:00,태백선,"월,화,수,목,금"
3391,기타,정기,제천조차장,12:27:00,동해,17:56:00,영동선,"월,화,수,목,금"
3392,기타,정기,동해,12:26:00,제천,17:52:00,영동선,"월,화,수,목,금"
3395,광석공,정기,석포,09:38:00,동해,10:04:00,영동선,"월,화,수,목,금"
3396,광석,정기,동해,07:13:00,석포,08:52:00,영동선,"월,화,수,목,금"
3411,철강공,정기,오봉,16:26:00,괴동,23:09:00,경부선,매일
3412,철강,정기,괴동,17:01:00,오봉,00:16:00,경부선,매일
3413,철강공,정기,천안,18:53:00,태화강,00:35:00,경부선,"월,화,수,목,금"
3414,철강,정기,태화강,14:54:00,천안,22:58:00,경부선,"일,월,화,수,목"
3415,철강공,정기,천안,07:21:00,태화강,12:17:00,경부선,"월,화,수,목,금"
3416,철강,정기,태화강,15:40:00,천안,21:09:00,경부선,"월,화,수,목,금"
3421,철강공,정기,의왕,10:34:00,태금,19:18:00,전라선,매일
3422,철강,정기,태금,18:46:00,오봉,01:10:00,전라선,매일
3423,철강공,정기,오봉,16:14:00,태금,23:39:00,전라선,매일
3424,철강,정기,태금,15:34:00,오봉,22:59:00,경부선,매일
3431,철강,정기,신례원,20:23:00,광양,01:20:00,장항선,"월,화,수,목,금"
3432,철강공,정기,순천,10:46:00,신례원,15:10:00,장항선,"월,화,수,목,금"
3434,철강,정기,광양,13:40:00,신례원,20:02:00,전라선,"월,화,수,목,금"
3435,철강,정기,천안,12:31:00,광양,19:38:00,장항선,"월,화,수,목,금"
3437,철강,정기,신례원,10:34:00,광양,15:51:00,장항선,"월,화,수,목,금"
3438,철강공,정기,광양,17:25:00,신례원,22:36:00,장항선,"월,화,수,목,금"
3441,철강공,정기,포항,13:54:00,순천,22:24:00,경전선,"일,화,목"
3442,철강,정기,태금,14:55:00,괴동,22:25:00,경전선,"월,수,금"
3481,기타,정기,의왕,07:55:00,가야,17:57:00,경부선,"화,수,목,금,토"
3482,기타,정기,가야,06:03:00,의왕,15:57:00,경부선,"월,화,수,목,금"
3485,기타,정기,황등,09:08:00,광주송정,10:35:00,호남선,"화,목"
3486,기타,정기,광주송정,14:35:00,황등,16:02:00,호남선,"화,목"
3801,컨테이너,정기,오봉,04:50:00,부산항,10:12:00,경부선,"화,수,목,금,토"
3802,컨테이너,정기,부산항,07:16:00,오봉,12:16:00,경부선,"일,화,수,목,금,토"
3803,컨테이너,정기,오봉,05:01:00,부산항,10:27:00,경부선,"화,수,목,금,토"
3804,컨테이너,정기,부산항,09:35:00,오봉,14:49:00,경부선,"화,수,목,금,토"
3805,컨테이너,정기,오봉,07:20:00,부산항,12:22:00,경부선,"일,화,수,목,금,토"
3806,컨테이너,정기,부산항,15:37:00,오봉,21:01:00,경부선,"월,화,수,목,금"
3807,컨테이너,정기,오봉,09:24:00,부산항,14:12:00,경부선,"화,수,목,금,토"
3808,컨테이너,정기,부산항,17:35:00,오봉,22:30:00,경부선,"화,수,목,금,토"
3809,컨테이너,정기,오봉,15:13:00,부산항,20:11:00,경부선,"화,수,목,금,토"
3810,컨테이너,정기,부산항,20:28:00,오봉,06:32:00,경부선,"월,화,수,목,금"
3811,컨테이너,정기,오봉,16:06:00,부산항,21:07:00,경부선,"일,수,목,금,토"
3812,컨테이너,정기,부산항,20:44:00,오봉,07:10:00,경부선,"월,화,수,목,금"
3955,유류공,정기,제천조차장,18:15:00,온산,22:50:00,중앙선,"월,수,금"
3956,유류,정기,태화강,06:37:00,금가,14:34:00,경부선,"월,수,금"
3957,유류공,정기,홍성,14:52:00,포항,22:14:00,경부선,"화,목,토"
3958,유류,정기,태화강,06:41:00,홍성,14:00:00,경부선,"화,목,토"
3965,기타,정기,영주,06:09:00,태화강,08:54:00,중앙선,매일
3966,기타,정기,온산,17:12:00,영주,20:56:00,중앙선,매일
5194,시멘트,,제천조,10:35:00,대전조,13:27:00,,"월,화,수,목,금"
5195,시멘트공,,대전조,16:00:00,제천조,18:52:00,,"월,화,수,목,금"
5198,시멘트,,쌍룡,11:30:00,대전조,14:42:00,,"월,목,금"
5258,기타,,부산항,13:00:00,가야,14:15:00,,일
5259,기타,,가야,16:52:00,부산항,18:09:00,,일
5265,시멘트공,,덕소,20:12:00,제천,22:50:00,,"화,목"
5266,시멘트,,제천,13:02:00,덕소,15:13:00,,"화,목"
5275,시멘트,,입석리,07:00:00,가천,11:16:00,,수
5276,시멘트공,,가천,15:09:00,제천조,18:47:00,,수
5277,시멘트,,입석리,07:40:00,신동,12:02:00,,월
5278,시멘트공,,신동,16:30:00,제천조,20:28:00,,월
6011,건설,,의왕,05:32:00,신창원,14:17:00,,화
6012,건설,,신창원,14:05:00,의왕,21:34:00,,월
6013,건설,,광운대,17:13:00,의왕,18:15:00,,월
6014,건설,,의왕,06:27:00,광운대,07:35:00,,화
